code,name,type,report_date,pre_eps,range
600256,广汇能源,预升,2017-10-09,0.0315,40%~50%
601996,丰林集团,预增,2017-10-09,0.15,55%~75%
000639,西王食品,预增,2017-10-09,0.26,59.02%~76.21%
300589,江龙船艇,预升,2017-10-09,0.0,0.45%~10.35%
300342,天银机电,预升,2017-10-09,0.34,25%~35%
300255,常山药业,预升,2017-10-09,0.11,30%~40%
600176,中国巨石,0,2017-09-30,0.4695,35%
002262,恩华药业,预升,2017-09-30,0.403,20%~50%
600618,氯碱化工,预盈,2017-09-30,-0.0401,0
002733,雄韬股份,预升,2017-09-30,0.3,-25%~25%
600173,卧龙地产,预增,2017-09-29,0.084,265
000705,浙江震元,预增,2017-09-29,0.0826,65%~75%
300146,汤臣倍健,预升,2017-09-29,0.39,30%~50%
603429,集友股份,预增,2017-09-29,0.6532,104.13%~125.15%
000633,合金投资,减亏,2017-09-29,-0.0957,0
300340,科恒股份,预增,2017-09-29,0.0584,2211.38%~2553.81%
300633,开立医疗,预增,2017-09-29,0.15,100.86%~107.47%
300601,康泰生物,预增,2017-09-29,0.2,103.54%~110.93%
002028,思源电气,预降,2017-09-28,0.32,-30%~0%
000502,绿景控股,预亏,2017-09-28,-0.1874,0
300547,川环科技,预升,2017-09-28,1.21,29.14%~36.86%
300600,瑞特股份,预升,2017-09-28,1.15,-0.74%~3.91%
600569,安阳钢铁,预增,2017-09-27,0.0587,0
000936,华西股份,预减,2017-09-27,0.61,-80%~-70%
000725,京东方A,预增,2017-09-27,0.004,0
600351,亚宝药业,预增,2017-09-27,0.087,100%~120%
002614,奥佳华,预升,2017-09-27,0.27,35%~50%
000830,鲁西化工,预增,2017-09-26,0.062,429.31%~485.02%
300219,鸿利智汇,预升,2017-09-26,0.3026,20%~40%
300392,腾信股份,预盈,2017-09-26,-0.02,0
300584,海辰药业,预升,2017-09-26,0.52,40%~50%
300031,宝通科技,预增,2017-09-26,0.321,30%~60%
300201,海伦哲,预增,2017-09-25,0.0352,102.8%~131.36%
300375,鹏翎股份,预降,2017-09-25,0.5264,-12.08%~-9.02%
000818,方大化工,预增,2017-09-23,0.0609,179%~189%
300579,数字认证,预增,2017-09-23,0.3004,159.37%~165.47%
300259,新天科技,预升,2017-09-23,0.15,25%~50%
300502,新易盛,预升,2017-09-21,1.13,10%~25%
300274,阳光电源,预增,2017-09-21,0.23,135%~155%
600782,新钢股份,预增,2017-09-20,0.2,0
300053,欧比特,预增,2017-09-20,0.0629,141.82%~154.19%
300071,华谊嘉信,预升,2017-09-18,0.18,5%~25%
300493,润欣科技,预升,2017-09-18,0.29,22.95%~31.53%
300195,长荣股份,预升,2017-09-18,0.26,30%~50%
300602,飞荣达,预降,2017-09-18,1.01,-15%~0%
000761,本钢板材,预增,2017-09-15,0.18,132.16
600293,三峡新材,预增,2017-09-15,0.0611,1088%~1231%
300672,国科微,预盈,2017-09-15,0.0,100%~107.63%
300701,森霸股份,预升,2017-09-14,0.0,20%~30%
601015,陕西黑猫,预增,2017-09-13,0.08,111%~154%
603136,天目湖,预升,2017-09-13,0.0,18.3%~21.35%
300706,阿石创,预升,2017-09-13,0.0,30.74%~38.43%
300041,回天新材,预升,2017-09-12,0.194,10%~25%
300128,锦富技术,预增,2017-09-12,0.0029,2049.15%~2407.34%
002902,铭普光磁,预降,2017-09-12,0.0,-11.35%~-9.56%
600438,通威股份,预增,2017-09-11,0.2892,50%~70%
603367,辰欣药业,预升,2017-09-11,0.0,5%~13%
601086,国芳集团,预升,2017-09-11,0.0,18.45%~24.37%
603378,亚士创能,预升,2017-09-11,0.0,0%~10%
002346,柘中股份,预增,2017-09-08,0.03,1895.16%~1945.04%
300695,兆丰股份,预升,2017-09-07,0.0,4.17%~12.5%
300703,创源文化,预升,2017-09-06,0.0,10.6%~14.74%
002829,星网宇达,预升,2017-09-05,0.74,5%~20%
603157,拉夏贝尔,预升,2017-09-05,0.0,1.13%~10.61%
603363,傲农生物,预增,2017-09-05,0.0,34.73%~50.59%
300654,世纪天鸿,预升,2017-09-05,0.0,-19.22%~4.66%
002901,大博医疗,预升,2017-09-05,0.0,14%~24%
603963,大理药业,预升,2017-09-04,0.0,3%~9%
002900,哈三联,预升,2017-09-04,0.0,5%~10%
603055,台华新材,预增,2017-09-01,0.0,90%~105%
300678,中科信息,预升,2017-09-01,0.0,5.54%~23.13%
000011,深物业A,预盈,2017-08-31,-0.0121,8113.89
600302,标准股份,预亏,2017-08-31,-0.1052,0
600678,四川金顶,减亏,2017-08-31,-0.0667,0
002447,壹桥股份,预降,2017-08-31,0.14,-80%~-30%
600247,ST成城,预亏,2017-08-31,-0.186,0
002032,苏泊尔,预升,2017-08-31,1.18,0%~30%
000760,斯太尔,预盈,2017-08-31,-0.13,159
600746,江苏索普,预增,2017-08-31,0.0752,0
600682,南京新百,预盈,2017-08-31,-0.54,0
600428,中远海特,0,2017-08-31,0.016,50%
600401,*ST海润,预亏,2017-08-31,0.0096,0
600242,中昌数据,预盈,2017-08-31,-0.017,0
002179,中航光电,预升,2017-08-31,0.9342,0%~15%
002180,纳思达,预亏,2017-08-31,0.26,0
002050,三花智控,预升,2017-08-31,0.37,20%~50%
002551,尚荣医疗,预升,2017-08-31,0.3,10%~40%
000912,泸天化,减亏,2017-08-31,-0.64,68.1%~73.41%
600035,楚天高速,预增,2017-08-31,0.22,0
002845,同兴达,预增,2017-08-31,0.56,134%~199%
600096,云天化,减亏,2017-08-31,-1.1798,0
600027,华电国际,0,2017-08-31,0.377,-50%
002157,正邦科技,预降,2017-08-31,0.45,-55.86%~-44.82%
600139,西部资源,预亏,2017-08-31,-0.349,0
600817,*ST宏盛,预亏,2017-08-31,-0.0056,0
000426,兴业矿业,预增,2017-08-31,0.0811,317.48%~362.61%
600787,中储股份,预增,2017-08-31,0.1957,175
600749,西藏旅游,预亏,2017-08-31,-0.1386,0
600645,中源协和,预警,2017-08-31,0.01,0
002581,未名医药,预升,2017-08-31,0.41,-11.08%~0.41%
002751,易尚展示,预增,2017-08-31,0.0991,101.07%~147.74%
002663,普邦股份,预升,2017-08-31,0.063,0%~30%
600345,长江通信,预增,2017-08-31,0.26,0
000710,贝瑞基因,预盈,2017-08-31,-0.0449,0
300699,光威复材,预增,2017-08-31,0.0,60%~80%
000338,潍柴动力,预增,2017-08-31,0.38,150%~180%
002555,三七互娱,预增,2017-08-31,0.361,52.89%~79.48%
000693,*ST华泽,预亏,2017-08-31,-0.167,-35.54%~-4.69%
002855,捷荣技术,预升,2017-08-31,0.0,-35%~5%
002880,卫光生物,预升,2017-08-31,0.0,-8%~7%
002131,利欧股份,预升,2017-08-31,0.2859,0%~30%
601801,皖新传媒,预升,2017-08-31,0.388,30%~50%
603077,和邦生物,预升,2017-08-31,0.06,0
600730,中国高科,预降,2017-08-31,1.0864,0
600718,东软集团,预减,2017-08-31,1.66,0
600556,ST慧球,减亏,2017-08-31,-0.0458,0
002024,苏宁云商,预盈,2017-08-31,-0.04,0
002504,*ST弘高,预降,2017-08-31,0.219,-55%~-15%
600983,惠而浦,预亏,2017-08-31,0.33,0
603359,东珠景观,预升,2017-08-31,0.0,18.79
601919,中远海控,预盈,2017-08-31,-0.9,0
603106,恒银金融,预升,2017-08-31,0.0,1.5%~12.19%
000792,盐湖股份,预警,2017-08-31,0.1401,0
000029,深深房A,预降,2017-08-30,0.2341,-45.12%~-36.67%
601001,大同煤业,预增,2017-08-30,0.15,0
601006,大秦铁路,预增,2017-08-30,0.35,100
002107,沃华医药,预升,2017-08-30,0.12,0%~50%
002622,融钰集团,预升,2017-08-30,0.03,-27.78%~2.23%
002638,勤上股份,预增,2017-08-30,0.05,103.72%~164.84%
002247,帝龙文化,预增,2017-08-30,0.4,20%~70%
002734,利民股份,预增,2017-08-30,0.53,40%~70%
002093,国脉科技,预增,2017-08-30,0.0588,80%~130%
600636,*ST爱富,预盈,2017-08-30,-0.4189,0
600716,凤凰股份,预亏,2017-08-30,0.0129,0
002718,友邦吊顶,预升,2017-08-30,1.01,0%~50%
002749,国光股份,预升,2017-08-30,1.6855,0%~30%
002458,益生股份,预亏,2017-08-30,1.54,0
600210,紫江企业,预增,2017-08-30,0.162,140%~190%
002350,北京科锐,预升,2017-08-30,0.1195,-30%~20%
002112,三变科技,预亏,2017-08-30,0.09,0
002016,世荣兆业,预增,2017-08-30,0.1148,287.49%~330.54%
002636,金安国纪,预增,2017-08-30,0.2169,136%~186%
002078,太阳纸业,预增,2017-08-30,0.26,90%~110%
002436,兴森科技,预升,2017-08-30,0.28,20%~40%
002116,中国海诚,预增,2017-08-30,0.196,40%~70%
002250,联化科技,预降,2017-08-30,0.29,-30%~0%
002027,分众传媒,预升,2017-08-30,0.37,21.7%~24.88%
600894,广日股份,预减,2017-08-30,0.9804,0
002254,泰和新材,预升,2017-08-30,0.08,1.72%~42.41%
000717,韶钢松山,预盈,2017-08-30,-0.0466,1652.61
600738,兰州民百,预增,2017-08-30,0.148,0
002422,科伦药业,预降,2017-08-30,0.37,-30%~0%
002082,栋梁新材,预升,2017-08-30,0.24,-20%~30%
002623,亚玛顿,预减,2017-08-30,0.28,-78.01%~-67.02%
002597,金禾实业,预增,2017-08-30,0.62,76.93%~95.7%
002381,双箭股份,预升,2017-08-30,0.14,20%~50%
002441,众业达,预增,2017-08-30,0.22,25%~75%
600207,安彩高科,预亏,2017-08-30,0.0022,0
002484,江海股份,预升,2017-08-30,0.1847,20%~50%
002169,智光电气,预升,2017-08-30,0.2647,-10%~20%
002005,德豪润达,预亏,2017-08-30,0.0132,0
002204,大连重工,预减,2017-08-30,0.0296,-90%~-60%
002818,富森美,预升,2017-08-30,1.09,4.85%~28.23%
002616,长青集团,预升,2017-08-30,0.2854,-40%~10%
002103,广博股份,预升,2017-08-30,0.16,0%~50%
600088,中视传媒,预盈,2017-08-30,-0.038,0
002382,蓝帆医疗,预升,2017-08-30,0.3,0%~10%
002867,周大生,预升,2017-08-30,0.0,20%~30%
002356,赫美集团,预升,2017-08-30,0.4201,-20.27%~19.6%
600390,五矿资本,预增,2017-08-30,0.2155,0
600319,亚星化学,预亏,2017-08-30,-0.33,0
600133,东湖高新,预增,2017-08-30,0.0529,0
002606,大连电瓷,预升,2017-08-30,0.32,-38.88%~6.96%
000697,炼石有色,预亏,2017-08-30,-0.0451,-633.67
600815,*ST厦工,预盈,2017-08-30,-0.55,0
601558,*ST锐电,预盈,2017-08-30,-0.11,0
002715,登云股份,预盈,2017-08-30,0.0363,0
002201,九鼎新材,预降,2017-08-30,0.03,-50%~0%
002279,久其软件,预增,2017-08-30,0.1408,77.11%~123.03%
002130,沃尔核材,预升,2017-08-30,0.16,-10%~20%
002334,英威腾,预增,2017-08-30,0.0792,180%~210%
002065,东华软件,预增,2017-08-30,0.4038,40%~55%
600998,九州通,预增,2017-08-30,0.28,0
002177,御银股份,预降,2017-08-30,0.0441,-70%~-30%
002354,天神娱乐,预增,2017-08-30,1.16,112.68%~159.94%
600984,建设机械,预盈,2017-08-30,0.1107,0
002532,新界泵业,预增,2017-08-30,0.29,20%~60%
002038,双鹭药业,预升,2017-08-30,0.5213,-10%~15%
000607,华媒控股,预降,2017-08-30,0.125,-48.84%~-37.03%
600155,宝硕股份,预盈,2017-08-30,-0.02,0
600339,中油工程,预盈,2017-08-30,-0.7356,0
002575,群兴玩具,预亏,2017-08-30,0.0339,0
002433,太安堂,预升,2017-08-30,0.21,25%~35%
002889,东方嘉盛,预升,2017-08-30,0.0,20%~50%
002608,江苏国信,预升,2017-08-30,-2.7751,1.29%~43.5%
002269,美邦服饰,预亏,2017-08-30,-0.06,0%~30%
300682,朗新科技,减亏,2017-08-30,0.0,82.85%~88.57%
002074,国轩高科,预降,2017-08-30,0.84,-13.87%~-5.73%
002324,普利特,预升,2017-08-30,0.84,-40%~10%
002098,浔兴股份,预升,2017-08-30,0.24,-20%~20%
002403,爱仕达,预升,2017-08-30,0.3,10%~30%
600628,新世界,预增,2017-08-30,0.08,0
002228,合兴包装,预升,2017-08-30,0.07,20%~50%
601226,华电重工,预警,2017-08-30,0.014,0
002656,摩登大道,预盈,2017-08-30,-0.18,0
002227,奥特迅,预盈,2017-08-30,-0.0379,0
002666,德联集团,预升,2017-08-30,0.15,-30%~10%
002701,奥瑞金,预降,2017-08-30,0.4343,-50%~-10%
002167,东方锆业,预增,2017-08-30,0.005,526.43%~893.64%
002084,海鸥卫浴,预增,2017-08-30,0.1372,30%~80%
600686,金龙汽车,预盈,2017-08-30,-0.17,0
002713,东易日盛,预升,2017-08-30,0.06,0%~50%
600502,安徽水利,预增,2017-08-30,0.19,0
002819,东方中科,预降,2017-08-30,0.27,-47.71%~-30.29%
002724,海洋王,预增,2017-08-30,0.0499,230.45%~275.52%
002625,光启技术,预增,2017-08-30,0.13,92.1%~142%
000676,智度股份,预增,2017-08-30,0.2487,86.44%~113.08%
002570,贝因美,减亏,2017-08-30,-0.4,0
002030,达安基因,预升,2017-08-30,0.0,-10%~20%
002492,恒基达鑫,预增,2017-08-30,0.0927,70%~100%
603533,掌阅科技,预增,2017-08-30,0.0,70%~90%
002789,建艺集团,预升,2017-08-29,0.74,0%~40%
300011,鼎汉技术,预减,2017-08-29,0.1178,-100%~-71.08%
002600,江粉磁材,预增,2017-08-29,0.16,5.73%~54.75%
600216,浙江医药,预减,2017-08-29,0.43,0
002542,中化岩土,预升,2017-08-29,0.0837,-10%~20%
002585,双星新材,预升,2017-08-29,0.1566,10%~30%
002807,江阴银行,预升,2017-08-29,0.3227,-5%~5%
002727,一心堂,预升,2017-08-29,0.5453,0%~20%
300458,全志科技,预减,2017-08-29,0.86,-97.1%~-81.9%
300616,尚品宅配,预增,2017-08-29,0.0,53.79%~76.44%
300094,国联水产,预增,2017-08-29,0.08,46.28%~74.9%
002031,巨轮智能,预升,2017-08-29,0.0122,0%~50%
002054,德美化工,预减,2017-08-29,0.3121,-84.72%~-61.81%
300123,太阳鸟,预增,2017-08-29,0.03,76.6%~97.33%
300506,名家汇,预增,2017-08-29,0.18,138.28%~153.62%
002851,麦格米特,预升,2017-08-29,0.0,0%~50%
300176,鸿特精密,预增,2017-08-29,0.2998,383.46%~412.99%
002509,天广中茂,预增,2017-08-29,0.17,35%~65%
002264,新华都,预减,2017-08-29,0.3169,-99.53%~-85.84%
300618,寒锐钴业,预增,2017-08-29,0.0,665%~695%
002712,思美传媒,预增,2017-08-29,0.36,60%~110%
002594,比亚迪,预降,2017-08-29,1.3835,-25.22%~-20.04%
002161,远望谷,预亏,2017-08-29,-0.0221,0
002306,*ST云网,减亏,2017-08-29,-0.0236,0
002531,天顺风能,预升,2017-08-29,0.23,0%~30%
002266,浙富控股,预增,2017-08-29,0.025,25%~65%
002486,嘉麟杰,预亏,2017-08-29,-0.0511,0
300319,麦捷科技,预警,2017-08-29,0.54,0
000605,渤海股份,预增,2017-08-29,0.1643,99.79%~149.74%
002144,宏达高科,预降,2017-08-29,0.44,-20%~0%
300663,科蓝软件,减亏,2017-08-29,0.0,1.02%~7.21%
000068,华控赛格,减亏,2017-08-29,-0.031,58.35%~90.39%
000703,恒逸石化,预增,2017-08-29,0.39,158.55%~178.44%
300312,邦讯技术,减亏,2017-08-29,-0.1417,7.36%~18.39%
002044,美年健康,预增,2017-08-29,0.04,57.28%~130.7%
600322,天房发展,预盈,2017-08-29,-0.24,0
002312,*ST三泰,预盈,2017-08-29,-0.2,0
300510,金冠电气,预增,2017-08-29,0.21,100.95%~145.6%
300324,旋极信息,预增,2017-08-29,0.2581,30%~60%
002631,德尔未来,预升,2017-08-29,0.22,-20%~30%
002358,森源电气,预增,2017-08-29,0.36,40%~70%
300681,英搏尔,预增,2017-08-29,0.0,49.35%~58.1%
600146,商赢环球,预盈,2017-08-29,-0.08,0
603315,福鞍股份,预降,2017-08-29,0.1724,-33.29
300275,梅安森,预盈,2017-08-29,-0.29,168.75%~179.17%
300402,宝色股份,减亏,2017-08-29,-0.4279,87.93%~96.02%
300003,乐普医疗,预升,2017-08-29,0.3136,35%~40%
002781,奇信股份,预升,2017-08-29,0.42,0%~30%
002743,富煌钢构,预升,2017-08-29,0.18,3.19%~31.73%
002763,汇洁股份,预增,2017-08-29,0.75,25%~65%
002070,*ST众和,预亏,2017-08-29,0.0813,0
002019,亿帆医药,预增,2017-08-29,0.49,30%~60%
002679,福建金森,预减,2017-08-29,-0.04,0
000042,中洲控股,预增,2017-08-29,0.125,190%~240%
002770,科迪乳业,预增,2017-08-29,0.13,40%~60%
002739,万达电影,预升,2017-08-29,0.9761,0%~20%
002390,信邦制药,预升,2017-08-29,0.12,15%~25%
300226,上海钢联,预增,2017-08-29,0.1019,87.3%~112.27%
300429,强力新材,预升,2017-08-29,0.3799,-10%~15%
300216,千山药机,预增,2017-08-29,0.05,127.76%~140.57%
002563,森马服饰,预升,2017-08-29,0.37,0%~30%
002379,宏创控股,预增,2017-08-29,0.01,327.27%~374%
002425,凯撒文化,预增,2017-08-29,0.19,50%~100%
300293,蓝英装备,预增,2017-08-29,0.0053,1363.72%~1393.69%
002420,毅昌股份,预亏,2017-08-29,-0.1169,0
002404,嘉欣丝绸,预增,2017-08-29,0.13,10%~60%
600152,维科精华,预盈,2017-08-29,-0.2316,0
600100,同方股份,预减,2017-08-29,1.7199,0
002284,亚太股份,预降,2017-08-29,0.17,-40%~0%
002746,仙坛股份,预降,2017-08-29,1.12,-71.91%~-43.82%
002762,金发拉比,预升,2017-08-29,0.24,0%~20%
002026,山东威达,预增,2017-08-29,0.22,20%~70%
002539,云图控股,预降,2017-08-29,0.161,-50%~-20%
601958,金钼股份,减亏,2017-08-29,-0.011,0
002231,奥维通信,减亏,2017-08-29,-0.0577,0
600202,哈空调,预亏,2017-08-29,-0.2151,0
002698,博实股份,预升,2017-08-29,0.1,10%~40%
300120,经纬电材,预增,2017-08-29,0.0429,90%~120%
300228,富瑞特装,预盈,2017-08-29,-0.2283,144.73%~149.39%
300306,远方信息,预增,2017-08-29,0.25,65%~95%
002251,步步高,预升,2017-08-29,0.2234,0%~30%
002705,新宝股份,预升,2017-08-29,0.569,-10%~20%
002717,岭南园林,预增,2017-08-29,0.45,70%~100%
002155,湖南黄金,预增,2017-08-29,0.0941,100%~150%
002614,奥佳华,预升,2017-08-29,0.27,10%~35%
002765,蓝黛传动,预升,2017-08-29,0.39,-10%~20%
002076,雪莱特,预降,2017-08-29,0.1001,-50%~0%
002132,恒星科技,预升,2017-08-29,0.08,10%~40%
300097,智云股份,预增,2017-08-29,0.3113,237.06%~266.13%
002478,常宝股份,预升,2017-08-29,0.21,0%~40%
002671,龙泉股份,预亏,2017-08-29,0.06,0
300073,当升科技,预增,2017-08-29,0.3427,185.28%~194.85%
002540,亚太科技,预升,2017-08-29,0.1929,-5%~15%
002888,惠威科技,预升,2017-08-29,0.0,0%~20%
002083,孚日股份,预升,2017-08-29,0.27,30%~50%
002304,洋河股份,预升,2017-08-29,3.21,10%~20%
002314,南山控股,预减,2017-08-29,0.26,-83.89%~-71.81%
002178,延华智能,预亏,2017-08-29,0.05,0
002378,章源钨业,预增,2017-08-29,0.01,160%~210%
600909,华安证券,预警,2017-08-29,0.0,0
002601,龙蟒佰利,预增,2017-08-29,0.18,1406.49%~1490.18%
002192,融捷股份,预增,2017-08-29,0.004,74%~123%
002122,天马股份,预增,2017-08-29,0.024,15%~65%
600258,首旅酒店,预警,2017-08-29,0.6779,0
002522,浙江众成,预升,2017-08-29,0.08,-30%~10%
002569,步森股份,预亏,2017-08-29,-0.2,0
002605,姚记扑克,预升,2017-08-29,0.1865,-40%~10%
000058,深赛格,预升,2017-08-29,0.054,27.72
002779,中坚科技,预升,2017-08-29,0.26,-30%~10%
002273,水晶光电,预增,2017-08-29,0.26,40%~60%
002212,南洋股份,预降,2017-08-29,0.13,-90%~-40%
002729,好利来,预增,2017-08-29,0.226,35%~85%
002617,露笑科技,预增,2017-08-29,0.07,375.3%~416.63%
002586,围海股份,预增,2017-08-29,0.0386,100%~150%
002808,苏州恒久,预升,2017-08-29,0.2454,-10%~10%
300237,美晨科技,预增,2017-08-29,0.3005,50.44%~79.71%
601968,宝钢包装,预亏,2017-08-29,0.01,0
002668,奥马电器,预升,2017-08-29,1.64,0%~20%
002106,莱宝高科,预升,2017-08-29,0.1644,-31.04%~3.44%
601002,晋亿实业,预升,2017-08-29,0.056,0
002099,海翔药业,预降,2017-08-29,0.3,-35.51%~-12.48%
000965,天保基建,预增,2017-08-29,0.12,28.8%~54.56%
002170,芭田股份,预减,2017-08-29,0.1505,-100%~-60%
600596,新安股份,预盈,2017-08-29,-0.0186,0
600491,龙元建设,预增,2017-08-29,0.16,0
300316,晶盛机电,预增,2017-08-29,0.15,70%~100%
600395,盘江股份,预增,2017-08-29,0.046,0
600275,*ST昌鱼,预亏,2017-08-29,-0.0451,0
002021,中捷资源,减亏,2017-08-29,-0.11,0
000750,国海证券,预警,2017-08-29,0.23,0
002008,大族激光,预增,2017-08-29,0.59,120%~150%
600130,波导股份,预亏,2017-08-29,0.03,0
600798,宁波海运,预增,2017-08-29,0.053,90
002090,金智科技,预增,2017-08-29,0.3244,40%~70%
002747,埃斯顿,预增,2017-08-29,0.16,35%~85%
300270,中威电子,预升,2017-08-29,0.1196,-15%~15%
300567,精测电子,预增,2017-08-29,0.83,109.81%~139.78%
002067,景兴纸业,预增,2017-08-28,0.16,100%~149%
600093,易见股份,0,2017-08-28,0.396,30%
600380,健康元,预增,2017-08-28,0.2395,424.5%~456.31%
600536,中国软件,预亏,2017-08-28,-0.29,0
600618,氯碱化工,预盈,2017-08-28,-0.0401,0
603938,三孚股份,预升,2017-08-28,0.0,0
600764,中电广通,预警,2017-08-28,0.063,0
603986,兆易创新,预增,2017-08-28,1.86,0
603993,洛阳钼业,预增,2017-08-28,0.0346,0
002405,四维图新,预增,2017-08-28,0.1,30%~60%
002066,瑞泰科技,预减,2017-08-28,0.1186,-78%~-70%
002071,长城影视,预升,2017-08-28,0.2102,0%~20%
300338,开元股份,预增,2017-08-28,0.0274,1474.65%~1504.65%
002691,冀凯股份,预升,2017-08-28,0.05,-30%~20%
002887,绿茵生态,预升,2017-08-28,0.0,33.89%~41.87%
002856,美芝股份,预降,2017-08-28,0.0,-16.54%~-4.62%
002693,双成药业,减亏,2017-08-28,-0.55,0
002552,宝鼎科技,减亏,2017-08-28,-0.15,0
002589,瑞康医药,预增,2017-08-28,0.658,85%~135%
002559,亚威股份,预升,2017-08-28,0.15,5%~35%
002203,海亮股份,预升,2017-08-28,0.2374,20%~50%
002495,佳隆股份,预升,2017-08-28,0.0322,-30%~10%
002510,天汽模,预升,2017-08-28,0.12,-20%~10%
000519,中兵红箭,预减,2017-08-28,0.045,-62.24%~-52.79%
002503,搜于特,预增,2017-08-28,0.19,90%~140%
002057,中钢天源,预增,2017-08-28,0.04,60.24%~102.98%
002036,联创电子,预增,2017-08-28,0.2249,12.87%~50.5%
300628,亿联网络,预增,2017-08-28,0.0,40%~60%
300117,嘉寓股份,预增,2017-08-28,0.07,64.07%~92.43%
002752,昇兴股份,预降,2017-08-28,0.22,-50%~0%
002171,楚江新材,预增,2017-08-28,0.33,51.7%~79.29%
002505,大康农业,预升,2017-08-28,0.0044,0.58%~4.77%
002685,华东重机,预升,2017-08-28,0.0243,10%~40%
002163,中航三鑫,预亏,2017-08-28,-0.01,0
002487,大金重工,预减,2017-08-28,0.12,-80%~-50%
002592,八菱科技,预升,2017-08-28,0.32,0%~30%
002465,海格通信,预降,2017-08-28,0.12,-30%~0%
002291,星期六,预升,2017-08-28,0.044,0%~30%
002811,亚泰国际,预升,2017-08-28,0.46,-20%~20%
002424,贵州百灵,预升,2017-08-28,0.22,10%~40%
002639,雪人股份,预降,2017-08-28,0.024,-13.55%~-0.25%
002361,神剑股份,预降,2017-08-28,0.1248,-30%~0%
002377,国创高新,预增,2017-08-28,0.0071,980%~1030%
002517,恺英网络,预增,2017-08-28,0.6,111.62%~157.93%
002435,长江润发,预增,2017-08-28,0.1,75.26%~119.08%
002290,中科新材,预增,2017-08-28,0.13,30%~60%
002319,乐通股份,预增,2017-08-28,0.025,140.82%~185.71%
002375,亚厦股份,预升,2017-08-28,0.2,10%~30%
002374,丽鹏股份,预升,2017-08-28,0.12,6.02%~9.29%
002047,宝鹰股份,预升,2017-08-28,0.2,0%~30%
300592,华凯创意,预升,2017-08-28,0.31,6.16%~23.85%
002583,海能达,预降,2017-08-28,0.07,-51.79%~-3.59%
603321,梅轮电梯,预升,2017-08-28,0.0,4.95%~10.16%
002899,英派斯,预升,2017-08-28,0.0,15.6%~31.54%
300200,高盟新材,预升,2017-08-28,0.2427,-12.07%~16.87%
300132,青松股份,预增,2017-08-26,0.0582,178.22%~204.95%
600121,*ST郑煤,预盈,2017-08-26,-0.14,0
002156,通富微电,预升,2017-08-26,0.13,0%~30%
002091,江苏国泰,预增,2017-08-26,0.44,40%~70%
600209,罗顿发展,预亏,2017-08-26,-0.11,0
002158,汉钟精机,预升,2017-08-26,0.243,0%~30%
002561,徐家汇,预升,2017-08-26,0.41,-15%~15%
002315,焦点科技,预增,2017-08-26,0.38,30%~80%
002546,新联电子,预升,2017-08-26,0.084,0%~20%
600421,仰帆控股,预亏,2017-08-26,-0.005,0
002651,利君股份,预升,2017-08-26,0.06,5%~45%
002620,瑞和股份,预增,2017-08-26,0.59,30%~60%
300032,金龙机电,预增,2017-08-26,0.2004,110%~130%
600429,三元股份,预降,2017-08-26,0.1143,0
002461,珠江啤酒,预增,2017-08-26,0.1597,10%~60%
002544,杰赛科技,预升,2017-08-26,0.0503,0%~50%
002185,华天科技,预升,2017-08-26,0.2735,20%~50%
600624,复旦复华,预警,2017-08-26,0.0558,0
600714,金瑞矿业,预减,2017-08-26,0.3389,0
000721,西安饮食,预亏,2017-08-26,0.0365,-140.59%~-110.97%
600640,号百控股,预增,2017-08-26,0.0464,0
002200,云投生态,预亏,2017-08-26,0.187,0
002055,得润电子,预增,2017-08-26,0.1698,60%~90%
600565,迪马股份,预增,2017-08-26,0.05,260%~300%
601225,陕西煤业,预增,2017-08-26,0.1,0
002397,梦洁股份,预升,2017-08-26,0.0841,20%~50%
002437,誉衡药业,预降,2017-08-26,0.2537,-55%~-35%
300068,南都电源,预升,2017-08-26,0.37,15%~45%
002064,华峰氨纶,预盈,2017-08-26,-0.22,0
002202,金风科技,预升,2017-08-26,0.7826,0%~50%
002004,华邦健康,预升,2017-08-26,0.3,-25%~5%
002239,奥特佳,预升,2017-08-26,0.251,-11.32%~21.93%
002538,司尔特,预降,2017-08-26,0.287,-40%~0%
603800,道森股份,预盈,2017-08-26,-0.1845,0
002579,中京电子,预减,2017-08-26,0.27,-91.68%~-87.52%
002152,广电运通,预升,2017-08-26,0.33,20%~50%
002286,保龄宝,预升,2017-08-26,0.11,0%~50%
300004,南风股份,预增,2017-08-26,0.04,478.5%~501.4%
600865,百大集团,预减,2017-08-26,0.247,0
600592,龙溪股份,0,2017-08-26,-0.0108,1140%
002618,丹邦科技,预升,2017-08-26,0.0447,-20%~30%
600415,小商品城,预升,2017-08-26,0.15,40
002333,罗普斯金,预亏,2017-08-26,0.2734,0
002409,雅克科技,预升,2017-08-26,0.1241,25%~50%
600726,华电能源,预亏,2017-08-26,0.13,0
002328,新朋股份,预升,2017-08-26,0.16,-15%~15%
300191,潜能恒信,预亏,2017-08-26,0.0321,-285%~-255%
002775,文科园林,预增,2017-08-26,0.4201,50%~80%
002075,沙钢股份,预增,2017-08-26,0.0596,158.7%~204.36%
002506,协鑫集成,预减,2017-08-26,0.04,-85.66%~-61.77%
002658,雪迪龙,预升,2017-08-26,0.15,0%~30%
002022,科华生物,预升,2017-08-26,0.3984,-20%~10%
600801,华新水泥,0,2017-08-26,0.11,500%
000415,渤海金控,预升,2017-08-26,0.2328,39.99
300369,绿盟科技,预亏,2017-08-26,0.0399,-341.4%~-306.91%
002081,金螳螂,预升,2017-08-26,0.5159,0%~20%
600198,大唐电信,预亏,2017-08-26,-0.7085,0
002543,万和电气,预升,2017-08-26,0.67,-10%~15%
002352,顺丰控股,预升,2017-08-26,0.06,-1.22%~7.9%
603322,超讯通信,预盈,2017-08-26,0.2,0
601028,玉龙股份,预警,2017-08-26,-0.38,0
601208,东材科技,预增,2017-08-26,0.07,90%~140%
300662,科锐国际,预升,2017-08-26,0.0,10%~30%
600821,津劝业,预亏,2017-08-26,0.01,0
600528,中铁工业,预增,2017-08-26,0.0788,0
002411,必康股份,预升,2017-08-26,0.479,-15%~20%
603799,华友钴业,预增,2017-08-26,0.02,0
300273,和佳股份,预减,2017-08-26,0.29,-68%~-60%
601088,中国神华,0,2017-08-26,0.87,100%
002797,第一创业,预警,2017-08-26,0.21,0
600633,浙数文化,预增,2017-08-25,0.3351,0
002800,天顺股份,预增,2017-08-25,0.386,30%~80%
002369,卓翼科技,预增,2017-08-25,0.02,25.29%~67.05%
002207,*ST准油,预盈,2017-08-25,-0.31,0
300056,三维丝,预亏,2017-08-25,0.23,-202.48%~-199.81%
002881,美格智能,预增,2017-08-25,0.0,12.5%~57.82%
002716,金贵银业,预增,2017-08-25,0.26,30%~70%
002189,利达光电,预升,2017-08-25,0.07,3.28%~40.16%
300323,华灿光电,预增,2017-08-25,0.1882,140%~170%
002432,九安医疗,减亏,2017-08-25,-0.25,0
002104,恒宝股份,预升,2017-08-25,0.18,0%~30%
002688,金河生物,预升,2017-08-25,0.2,-20%~20%
600067,冠城大通,预增,2017-08-25,0.17,0
002835,同为股份,预降,2017-08-25,0.0,-45%~-20%
600630,龙头股份,预盈,2017-08-25,0.17,0
002635,安洁科技,预升,2017-08-25,0.69,20%~50%
002088,鲁阳节能,预增,2017-08-25,0.27,80%~120%
603029,天鹅股份,预亏,2017-08-25,0.21,0
002423,中原特钢,预亏,2017-08-25,-0.178,0
002095,生意宝,预升,2017-08-25,0.06,-10%~40%
002637,赞宇科技,预升,2017-08-25,0.23,5.9%~45.61%
300127,银河磁体,预增,2017-08-25,0.26,72.82%~80.27%
002396,星网锐捷,预升,2017-08-25,0.3267,10%~30%
002263,大东南,减亏,2017-08-25,-0.0145,0
002560,通达股份,预降,2017-08-25,0.16,-80%~-40%
600303,曙光股份,预增,2017-08-25,0.05,0
002248,*ST东数,预亏,2017-08-25,-0.38,0
002753,永东股份,预增,2017-08-25,0.334,162.94%~211.48%
002410,广联达,预增,2017-08-25,0.204,10%~60%
002862,实丰文化,预升,2017-08-25,0.0,0%~20%
002145,中核钛白,预增,2017-08-25,0.0291,524.57%~632.26%
300080,易成新能,预亏,2017-08-25,0.0069,-4587.6%~-4514.04%
002454,松芝股份,预升,2017-08-25,0.38,-10%~40%
603165,荣晟环保,预增,2017-08-25,0.0,240%~270%
002598,山东章鼓,预升,2017-08-25,0.1356,10%~30%
002364,中恒电气,预降,2017-08-25,0.25,-40%~-20%
002209,达意隆,减亏,2017-08-25,-0.1339,0
600151,航天机电,预亏,2017-08-25,0.0736,0
002750,龙津药业,预降,2017-08-25,0.1835,-60%~-10%
600235,民丰特纸,预增,2017-08-25,0.023,0
002761,多喜爱,预降,2017-08-25,0.0814,-45%~-10%
002690,美亚光电,预升,2017-08-25,0.322,10%~40%
002634,棒杰股份,预升,2017-08-25,0.06,0%~30%
002309,中利集团,预盈,2017-08-25,-0.24,0
002332,仙琚制药,预升,2017-08-25,0.16,30%~50%
002448,中原内配,预升,2017-08-25,0.28,20%~50%
002520,日发精机,预升,2017-08-25,0.06,10%~50%
002039,黔源电力,预增,2017-08-25,0.6327,25%~75%
601901,方正证券,预警,2017-08-25,0.32,0
002630,华西能源,预降,2017-08-25,0.239,-40%~0%
300538,同益股份,预降,2017-08-25,0.63,-65%~-35%
002085,万丰奥威,预升,2017-08-25,0.39,0%~20%
300277,海联讯,减亏,2017-08-25,-0.0545,31.99%~59.39%
002343,慈文传媒,预升,2017-08-25,0.4641,0.02%~9.61%
002048,宁波华翔,预升,2017-08-25,0.86,20%~40%
002052,同洲电子,预盈,2017-08-25,-0.2032,0
002516,旷达科技,预升,2017-08-25,0.1964,5%~30%
002434,万里扬,预增,2017-08-25,0.22,150%~200%
002129,中环股份,预升,2017-08-25,0.1326,14.06%~28.32%
300551,古鳌科技,预减,2017-08-25,0.2807,-124.62%~-94.82%
002367,康力电梯,预降,2017-08-25,0.4937,-40%~-10%
600896,览海投资,预亏,2017-08-25,-0.22,0
002346,柘中股份,预盈,2017-08-25,0.03,0
002368,太极股份,预升,2017-08-25,0.16,0%~50%
002118,紫鑫药业,预增,2017-08-25,0.12,112.66%~139.24%
002541,鸿路钢构,预升,2017-08-25,0.4348,10%~40%
002289,宇顺电子,减亏,2017-08-25,-1.1631,0
002281,光迅科技,预升,2017-08-25,1.01,0%~30%
600190,锦州港,0,2017-08-25,0.02,50%
601636,旗滨集团,预增,2017-08-25,0.1711,0
002599,盛通股份,预增,2017-08-25,0.15,100%~150%
002300,太阳电缆,预降,2017-08-25,0.21,-50%~-10%
002307,北新路桥,预升,2017-08-25,0.047,-20%~30%
000505,珠江控股,预增,2017-08-25,-0.21,462.31%~743.47%
002497,雅化集团,预增,2017-08-25,0.1016,50%~80%
002214,大立科技,预升,2017-08-25,0.06,-15%~15%
002584,西陇科学,预升,2017-08-25,0.19,-20%~10%
002792,通宇通讯,预降,2017-08-25,0.6948,-16.85%~-4.05%
002110,三钢闽光,预增,2017-08-25,0.656,328%~378%
002444,巨星科技,预升,2017-08-25,0.43,-10%~20%
002172,澳洋科技,预升,2017-08-25,0.2889,-25.27%~12.09%
002140,东华科技,预升,2017-08-25,0.1842,0%~30%
002480,新筑股份,预亏,2017-08-25,0.0085,0
002063,远光软件,预升,2017-08-25,0.1609,10%~40%
002725,跃岭股份,预降,2017-08-25,0.23,-70%~-40%
002824,和胜股份,预升,2017-08-25,0.59,-17.82%~0.86%
002229,鸿博股份,预亏,2017-08-25,-0.0398,0
002882,金龙羽,预增,2017-08-25,0.0,14.95%~62.11%
002325,洪涛股份,预升,2017-08-25,0.17,-40%~10%
002294,信立泰,预升,2017-08-25,0.99,0%~10%
603027,千禾味业,预增,2017-08-25,0.5232,0
002127,南极电商,预增,2017-08-25,0.09,55.94%~104.46%
300359,全通教育,预亏,2017-08-25,0.0665,-118.98%~-107.12%
002042,华孚色纺,预增,2017-08-25,0.48,30%~60%
002886,沃特股份,预升,2017-08-25,0.0,2.08%~21.71%
002611,东方精工,预增,2017-08-25,0.12,180%~230%
002011,盾安环境,预升,2017-08-25,0.06,0%~30%
600160,巨化股份,预增,2017-08-25,0.039,0
300331,苏大维格,预增,2017-08-25,0.06,385%~415%
600691,阳煤化工,预盈,2017-08-25,-0.4287,0
002344,海宁皮城,预降,2017-08-25,0.44,-48%~-18%
002558,巨人网络,预升,2017-08-25,0.52,14.55%~20.82%
002684,猛狮科技,预增,2017-08-25,0.02,1811.31%~1861.01%
002216,三全食品,预升,2017-08-25,0.08,0%~30%
002183,怡亚通,预升,2017-08-25,0.21,0%~30%
002596,海南瑞泽,预增,2017-08-25,0.05,535.75%~584.19%
002603,以岭药业,预升,2017-08-25,0.39,5%~15%
002475,立讯精密,预增,2017-08-25,0.36,50%~70%
002689,远大智能,预升,2017-08-24,0.0369,0%~10%
002803,吉宏股份,预升,2017-08-24,0.32,-10%~30%
002417,三元达,预盈,2017-08-24,-0.27,0
600665,天地源,预盈,2017-08-24,-0.1971,0
002554,惠博普,预升,2017-08-24,0.1,0%~50%
600306,商业城,预盈,2017-08-24,-0.49,0
002079,苏州固锝,预升,2017-08-24,0.11,-15%~15%
002474,榕基软件,预升,2017-08-24,0.0327,0%~50%
002051,中工国际,预升,2017-08-24,0.77,10%~30%
002034,美欣达,预降,2017-08-24,0.16,-49.13%~-4.62%
002059,云南旅游,预降,2017-08-24,0.0857,-48.52%~-0.26%
002452,长高集团,预升,2017-08-24,0.131,0%~30%
002633,申科股份,预盈,2017-08-24,-0.13,0
002015,霞客环保,减亏,2017-08-24,-0.07,0
000545,金浦钛业,预增,2017-08-24,0.049,140%~180%
000591,太阳能,预增,2017-08-24,0.3387,49.57%~78.99%
002173,创新医疗,预升,2017-08-24,0.2,3.6%~40.61%
002683,宏大爆破,预增,2017-08-24,0.0457,219.41%~269.85%
002467,二六三,预降,2017-08-24,0.12,-35%~-5%
002020,京新药业,预升,2017-08-24,0.3136,20%~30%
002199,东晶电子,预盈,2017-08-24,-0.3649,0
002809,红墙股份,预升,2017-08-24,0.79,0%~40%
002566,益盛药业,预升,2017-08-24,0.09,15%~35%
002270,华明装备,预升,2017-08-24,0.28,-6.08%~33.58%
002590,万安科技,预升,2017-08-24,0.17,0%~30%
002133,广宇集团,预降,2017-08-24,0.21,-62.55%~-18.86%
002040,南京港,预增,2017-08-24,0.0863,225%~275%
002737,葵花药业,预增,2017-08-24,0.4201,100%~130%
002153,石基信息,预升,2017-08-24,0.25,-15%~15%
002339,积成电子,预降,2017-08-24,0.21,-75%~-25%
002769,普路通,预升,2017-08-24,0.42,-25%~25%
002111,威海广泰,预升,2017-08-24,0.36,15%~40%
002431,棕榈股份,预增,2017-08-24,0.06,110%~160%
002582,好想你,预增,2017-08-24,0.09,406%~456%
002490,*ST墨龙,预盈,2017-08-24,-0.274,0
002412,汉森制药,预升,2017-08-24,0.2054,-10%~20%
002491,通鼎互联,预升,2017-08-24,0.3281,5%~35%
002174,游族网络,预升,2017-08-24,0.42,5%~50%
002787,华源控股,预升,2017-08-24,0.65,-35%~15%
002238,天威视讯,预降,2017-08-24,0.37,-30%~0%
002777,久远银海,预升,2017-08-24,0.4442,10%~40%
002151,北斗星通,预升,2017-08-24,0.11,20%~50%
002009,天奇股份,预升,2017-08-24,0.18,20%~40%
002235,安妮股份,预增,2017-08-24,0.03,450%~500%
002268,卫士通,预亏,2017-08-24,0.0117,0
002327,富安娜,预升,2017-08-24,0.29,-10%~10%
600808,马钢股份,预增,2017-08-24,0.0986,0
002588,史丹利,预降,2017-08-24,0.4,-50%~-30%
002649,博彦科技,预升,2017-08-24,0.6914,0%~30%
002018,华信国际,预增,2017-08-24,0.0929,47.69%~87.52%
002565,顺灏股份,预降,2017-08-24,0.08,-60%~-30%
002602,世纪华通,预增,2017-08-24,0.38,79.28%~97.36%
002126,银轮股份,预升,2017-08-24,0.25,20%~40%
002298,中电鑫龙,预升,2017-08-24,0.1635,0%~30%
002529,海源机械,预盈,2017-08-24,-0.0017,0
002499,科林环保,预增,2017-08-24,0.0956,149.09%~176.77%
002272,川润股份,预降,2017-08-24,0.0183,-93.49%~-47.95%
002460,赣锋锂业,预增,2017-08-24,0.64,95%~145%
601898,中煤能源,预升,2017-08-24,0.07,0
002785,万里石,预升,2017-08-24,0.07,0.48%~20.58%
002260,德奥通航,预亏,2017-08-24,0.01,0
002699,美盛文化,预增,2017-08-24,0.34,100%~130%
002667,鞍重股份,预盈,2017-08-24,-0.08,0
002869,金溢科技,预降,2017-08-24,0.0,-25%~-5%
002371,北方华创,预升,2017-08-24,0.1531,0%~30%
002094,青岛金王,预增,2017-08-24,0.334,230%~260%
601808,中海油服,减亏,2017-08-24,-1.91,0
002316,键桥通讯,预亏,2017-08-24,-0.07,0
002252,上海莱士,预升,2017-08-24,0.249,-25%~5%
002340,格林美,预增,2017-08-24,0.07,50%~100%
002815,崇达技术,预升,2017-08-24,0.7984,0%~20%
002362,汉王科技,预增,2017-08-24,0.07,113.6%~153.65%
002774,快意电梯,预升,2017-08-24,0.0,-27%~10%
002285,世联行,预升,2017-08-24,0.19,20%~50%
002120,韵达股份,预升,2017-08-24,0.41,20%~50%
002836,新宏泽,预升,2017-08-24,0.5,-20%~10%
002197,证通电子,预升,2017-08-24,0.07,-30%~20%
002211,宏达新材,预盈,2017-08-24,-0.0261,0
002407,多氟多,预降,2017-08-24,0.6,-50%~-20%
002373,千方科技,预升,2017-08-24,0.2,5%~25%
002159,三特索道,预亏,2017-08-24,-0.06,0
002647,民盛金科,预盈,2017-08-24,-0.0869,0
002692,睿康股份,预降,2017-08-24,0.1212,-50%~-30%
603648,畅联股份,预升,2017-08-24,0.0,6%~25%
002280,联络互动,预减,2017-08-23,0.12,-100%~-78.47%
002305,南国置业,预升,2017-08-23,0.0069,10%~50%
600122,宏图高科,预增,2017-08-23,0.2592,0
002246,北化股份,预降,2017-08-23,0.1663,-50%~0%
002141,贤丰控股,预升,2017-08-23,0.006,-34.43%~15.57%
002580,圣阳股份,预升,2017-08-23,0.18,-40%~10%
002056,横店东磁,预升,2017-08-23,0.38,10%~40%
002861,瀛通通讯,预升,2017-08-23,0.0,1.74%~15.4%
002473,*ST圣莱,预亏,2017-08-23,-0.1228,0
000513,丽珠集团,预增,2017-08-23,1.57,587.86%~594.55%
002215,诺普信,预盈,2017-08-23,-0.23,0
002413,雷科防务,预升,2017-08-23,0.06,0%~50%
002115,三维通信,预盈,2017-08-23,-0.0502,0
002655,共达电声,预降,2017-08-23,0.04,-60%~-30%
002234,民和股份,预亏,2017-08-23,0.8276,0
002388,新亚制程,预增,2017-08-23,0.02,690.61%~728.87%
002858,力盛赛车,预升,2017-08-23,0.0,0%~50%
002357,富临运业,预升,2017-08-23,0.3551,-30%~20%
603181,皇马科技,预升,2017-08-23,0.0,0%~37%
002366,台海核电,预增,2017-08-23,0.82,83.75%~97.89%
002414,高德红外,预升,2017-08-23,0.0698,0%~30%
002502,骅威文化,预增,2017-08-23,0.1827,35%~85%
002100,天康生物,预升,2017-08-23,0.33,-20%~10%
002208,合肥城建,预减,2017-08-23,0.208,-100%~-50%
002609,捷顺科技,预升,2017-08-23,0.1836,20%~50%
002624,完美世界,预增,2017-08-23,0.61,42.18%~51.93%
300029,天龙光电,减亏,2017-08-23,-0.1323,31.95%~50.85%
002259,升达林业,预升,2017-08-23,0.0142,20%~50%
300626,华瑞股份,预增,2017-08-23,0.0,55%~80%
002865,钧达股份,预升,2017-08-23,0.0,0%~20%
002646,青青稞酒,预降,2017-08-23,0.4316,-30%~0%
002481,双塔食品,预升,2017-08-23,0.08,-35%~15%
002773,康弘药业,预升,2017-08-23,0.4633,20%~50%
002330,得利斯,预减,2017-08-23,0.0368,-100%~-70%
002816,和科达,预降,2017-08-23,0.26,-62.99%~-38.32%
002573,清新环境,预升,2017-08-23,0.4674,10%~30%
002060,粤水电,预升,2017-08-23,0.1127,0%~30%
002175,东方网络,预增,2017-08-23,0.0332,135.54%~176.31%
002828,贝肯能源,预升,2017-08-23,0.41,30%~50%
002842,翔鹭钨业,预升,2017-08-23,0.0,0%~30%
002464,金利科技,预增,2017-08-23,0.54,39.94%~84.47%
300410,正业科技,预增,2017-08-23,0.2305,251.21%~265.86%
002721,金一文化,预升,2017-08-23,0.126,-0.47%~36.86%
002528,英飞拓,预盈,2017-08-23,-0.0326,0
300142,沃森生物,减亏,2017-08-23,-0.17,81.59%~83.73%
002876,三利谱,预升,2017-08-23,0.0,10%~30%
002329,皇氏集团,预升,2017-08-23,0.1584,-20%~20%
002595,豪迈科技,预升,2017-08-23,0.7072,-10%~10%
002108,沧州明珠,预升,2017-08-23,0.63,10%~25%
002676,顺威股份,预降,2017-08-23,0.07,-60%~-20%
002213,特尔佳,预降,2017-08-23,0.06,-50%~0%
002479,富春环保,预增,2017-08-23,0.2271,30%~60%
002096,南岭民爆,预降,2017-08-23,0.11,-30%~0%
002883,中设股份,预升,2017-08-23,0.0,20%~50%
002283,天润曲轴,预增,2017-08-23,0.11,50%~100%
603227,雪峰科技,预增,2017-08-23,0.002,800%~1200%
600444,国机通用,预盈,2017-08-23,0.03,0
002243,通产丽星,预增,2017-08-23,0.0478,72%~100.67%
601101,昊华能源,预盈,2017-08-23,-0.096,0
002348,高乐股份,预升,2017-08-23,0.0399,0%~40%
002537,海联金汇,预增,2017-08-23,0.29,162%~212%
002337,赛象科技,预盈,2017-08-23,-0.01,0
002498,汉缆股份,预降,2017-08-23,0.1,-37.41%~-6.11%
002545,东方铁塔,预增,2017-08-23,0.0611,30%~70%
002687,乔治白,预升,2017-08-23,0.12,-10%~20%
002073,软控股份,预盈,2017-08-23,-0.04,0
002001,新和成,预升,2017-08-23,0.78,0%~30%
002232,启明信息,预增,2017-08-23,0.0011,3112.68%~3155.52%
002256,兆新股份,预升,2017-08-23,0.05,-10%~10%
002748,世龙实业,预增,2017-08-23,0.2949,70%~120%
002275,桂林三金,预升,2017-08-23,0.5357,0%~30%
002839,张家港行,预升,2017-08-23,0.0,5%~20%
002871,伟隆股份,预升,2017-08-23,0.0,10%~30%
002062,宏润建设,预升,2017-08-23,0.17,0%~30%
002037,久联发展,预增,2017-08-23,0.06,152.15%~253%
002806,华锋股份,预升,2017-08-23,0.24,-18%~5%
002058,威尔泰,预亏,2017-08-23,-0.003,0
002556,辉隆股份,预升,2017-08-23,0.14,0%~30%
002389,南洋科技,预降,2017-08-23,0.14,-20%~0%
002053,云南能投,预升,2017-08-23,0.3193,-29.88%~12.19%
002878,元隆雅图,预升,2017-08-23,0.0,15%~30%
002370,亚太药业,预增,2017-08-23,0.42,60%~95%
002181,粤传媒,减亏,2017-08-23,-0.2074,0
002451,摩恩电气,预增,2017-08-23,0.015,488.5%~535%
002376,新北洋,预增,2017-08-23,0.23,30%~60%
002700,新疆浩源,预降,2017-08-23,0.13,-25%~-5%
002089,新海宜,预增,2017-08-23,0.0928,20%~70%
002136,安纳达,预增,2017-08-22,0.0886,701.09%~747.82%
002513,蓝丰生化,预升,2017-08-22,0.26,0%~16%
002282,博深工具,预增,2017-08-22,0.04,250%~280%
002571,*ST德力,预盈,2017-08-22,-0.1109,0
002028,思源电气,预升,2017-08-22,0.32,0%~30%
002534,杭锅股份,预增,2017-08-22,0.25,127.61%~147.12%
600389,江山股份,预增,2017-08-22,0.0272,0
600771,广誉远,预增,2017-08-22,0.16,0
600589,广东榕泰,预升,2017-08-22,0.112,20%~50%
600438,通威股份,预增,2017-08-22,0.2892,0
002873,新天药业,预升,2017-08-22,0.0,5%~25%
002708,光洋股份,预减,2017-08-22,0.11,-70%~-60%
002463,沪电股份,预增,2017-08-22,0.04,147.25%~193.61%
002848,高斯贝尔,预减,2017-08-22,0.2639,-85%~-55%
300096,易联众,预亏,2017-08-22,-0.0225,-498.48%~-446.89%
002086,东方海洋,预增,2017-08-22,0.1259,70%~100%
002641,永高股份,预降,2017-08-22,0.25,-60%~-30%
002612,朗姿股份,预升,2017-08-22,0.2061,0%~30%
002483,润邦股份,预降,2017-08-22,0.187,-50%~0%
000980,众泰汽车,预增,2017-08-22,0.08,931%~1016%
002730,电光科技,预升,2017-08-22,0.09,10%~40%
002068,黑猫股份,预盈,2017-08-22,-0.01,0
002627,宜昌交运,预增,2017-08-22,0.3229,110%~150%
002265,西仪股份,预增,2017-08-22,0.0118,389.8%~439.2%
002143,印纪传媒,预升,2017-08-22,0.358,0%~50%
002709,天赐材料,预升,2017-08-22,0.99,-25%~5%
002223,鱼跃医疗,预升,2017-08-22,0.71,20%~40%
002576,通达动力,预减,2017-08-22,0.019,-121.1%~-78.9%
002351,漫步者,预增,2017-08-22,0.1071,30%~60%
000819,岳阳兴长,预减,2017-08-22,0.108,-92.81%~-85.63%
002137,麦达数字,预减,2017-08-22,0.2468,-71.52%~-50.16%
002722,金轮股份,预升,2017-08-22,0.59,-20%~20%
002114,罗平锌电,预增,2017-08-22,0.1,110.24%~148.47%
002695,煌上煌,预增,2017-08-22,0.16,30%~60%
002308,威创股份,预增,2017-08-22,0.14,30%~60%
002550,千红制药,预升,2017-08-22,0.1438,-20%~20%
002025,航天电器,预升,2017-08-22,0.47,5%~20%
002043,兔宝宝,预增,2017-08-22,0.22,40%~70%
002049,紫光国芯,预降,2017-08-22,0.4554,-30%~0%
002470,金正大,预升,2017-08-22,0.36,-20%~10%
002669,康达新材,预降,2017-08-22,0.336,-45%~0%
002384,东山精密,预增,2017-08-22,0.1737,145%~195%
002119,康强电子,预增,2017-08-22,0.16,72.06%~93.96%
002102,冠福股份,预升,2017-08-22,0.0558,6.58%~22.97%
002023,海特高新,预升,2017-08-22,0.0575,-20%~10%
002149,西部材料,预增,2017-08-22,0.0461,314.4%~432.8%
002607,亚夏汽车,预升,2017-08-22,0.13,10%~40%
002295,精艺股份,预增,2017-08-22,0.036,396.52%~446.17%
000636,风华高科,预增,2017-08-22,0.12,35%~55%
000998,隆平高科,预增,2017-08-22,0.0816,40%~70%
002456,欧菲光,预增,2017-08-22,0.5488,80%~120%
002604,龙力生物,预升,2017-08-22,0.16,0%~50%
300649,杭州园林,预增,2017-08-22,0.0,39.05%~59.5%
002457,青龙管业,预亏,2017-08-22,0.02,0
002041,登海种业,预降,2017-08-22,0.2702,-68%~-18%
002323,雅百特,预升,2017-08-22,0.2329,0%~50%
600366,宁波韵升,0,2017-08-22,1.439,-50%
600701,工大高新,预增,2017-08-22,0.027,0
002696,百洋股份,预增,2017-08-22,0.1763,60%~90%
600119,长江投资,预减,2017-08-22,0.41,0
002219,恒康医疗,预升,2017-08-22,0.1067,18.9%~48.62%
600103,青山纸业,预增,2017-08-22,0.0341,0
002783,凯龙股份,预升,2017-08-22,1.01,10%~45%
002249,大洋电机,预升,2017-08-22,0.13,-30%~20%
002217,合力泰,预增,2017-08-22,0.4065,55.65%~64.3%
002147,新光圆成,预减,2017-08-22,0.4,-92.44%~-88.66%
002665,首航节能,预升,2017-08-22,0.05,0%~10%
002135,东南网架,预增,2017-08-22,0.05,100%~150%
600608,*ST沪科,预亏,2017-08-22,-0.07,0
300520,科大国创,预亏,2017-08-22,0.257,-152.5%~-126.25%
002193,如意集团,预升,2017-08-22,0.19,-24.06%~21.5%
002124,天邦股份,预降,2017-08-22,0.5364,-47.29%~-18.01%
002840,华统股份,预升,2017-08-22,0.48,20%~50%
002101,广东鸿图,预增,2017-08-22,0.4989,70%~120%
002010,传化智联,预降,2017-08-22,0.18,-60%~-30%
002863,今飞凯达,预升,2017-08-22,0.0,-10%~5%
300380,安硕信息,预减,2017-08-22,0.0487,-136.28%~-63.72%
002621,三垒股份,预升,2017-08-22,0.09,-30%~20%
002875,安奈儿,预升,2017-08-22,0.0,5%~15%
002002,鸿达兴业,预增,2017-08-22,0.2126,34.18%~53.35%
002518,科士达,预升,2017-08-22,0.42,20%~50%
002416,爱施德,预增,2017-08-22,0.1407,56.27%~77.58%
002591,恒大高新,减亏,2017-08-22,-0.0443,0
002317,众生药业,预升,2017-08-22,0.41,0%~20%
002593,日上集团,预升,2017-08-22,0.1,-20%~20%
002218,拓日新能,预增,2017-08-22,0.1365,37.45%~77.74%
002822,中装建设,预升,2017-08-22,0.51,-10%~30%
002674,兴业科技,预升,2017-08-22,0.1312,-20%~20%
002446,盛路通信,预降,2017-08-22,0.4,-39.05%~-16.89%
002359,北讯集团,预盈,2017-08-22,-0.1225,0
002029,七匹狼,预升,2017-08-22,0.22,0%~25%
603386,广东骏亚,预升,2017-08-22,0.0,6.5%~12.3%
300700,岱勒新材,预增,2017-08-22,0.0,119.92%~127.18%
300696,爱乐达,预增,2017-08-21,0.0,140%~190%
300693,盛弘股份,预升,2017-08-21,0.0,-10%~20%
002857,三晖电气,预降,2017-08-21,0.38,-46.98%~-29.3%
002277,友阿股份,预升,2017-08-21,0.3815,0%~30%
002261,拓维信息,预升,2017-08-21,0.15,-15%~15%
002615,哈尔斯,预升,2017-08-21,0.31,20%~50%
002472,双环传动,预增,2017-08-21,0.2,30%~60%
002363,隆基机械,预升,2017-08-21,0.14,0%~30%
002007,华兰生物,预升,2017-08-21,0.653,-5%~10%
002766,索菱股份,预增,2017-08-21,0.33,50%~90%
002817,黄山胶囊,预升,2017-08-21,0.67,-25%~5%
002626,金达威,预升,2017-08-21,0.34,10%~40%
002128,露天煤业,预增,2017-08-21,0.3,95%~145%
002276,万马股份,预降,2017-08-21,0.1395,-40%~0%
002868,绿康生化,预降,2017-08-21,0.0,-12.1%~-8.33%
002885,京泉华,预升,2017-08-21,0.0,-17.86%~2.22%
002703,浙江世宝,预升,2017-08-21,0.1609,-20%~10%
002877,智能自控,预升,2017-08-21,0.0,5%~15%
002527,新时达,预升,2017-08-21,0.2608,-10%~10%
002302,西部建设,预降,2017-08-21,0.18,-70%~-20%
002013,中航机电,预升,2017-08-21,0.15,-10%~20%
002393,力生制药,预升,2017-08-21,0.43,20%~50%
002468,申通快递,预升,2017-08-21,0.0157,15%~30%
002832,比音勒芬,预升,2017-08-21,1.32,4.55%~23.56%
002035,华帝股份,预增,2017-08-21,0.561,40%~60%
002872,天圣制药,预升,2017-08-21,0.0,5%~20%
002846,英联股份,预升,2017-08-21,0.43,-5%~15%
002672,东江环保,预降,2017-08-21,0.44,-30%~0%
002745,木林森,预升,2017-08-21,0.65,17.82%~36.92%
002831,裕同科技,预升,2017-08-21,1.5306,15%~35%
002640,跨境通,预增,2017-08-21,0.21,80%~110%
002619,艾格拉斯,预增,2017-08-21,0.15,94.34%~108.4%
002628,成都路桥,预升,2017-08-21,0.0222,-20%~20%
002898,赛隆药业,预升,2017-08-21,0.0,2.96%~4.97%
002897,意华股份,预升,2017-08-21,0.0,2.66%~12.45%
603882,金域医学,预升,2017-08-21,0.0,17%~44%
603277,银都股份,预升,2017-08-21,0.0,0%~10%
603976,正川股份,预盈,2017-08-21,0.0,0
002574,明牌珠宝,预增,2017-08-19,0.1,45.86%~75.03%
002661,克明面业,预升,2017-08-19,0.285,-10%~20%
002443,金洲管道,预增,2017-08-19,0.08,50%~80%
002394,联发股份,预升,2017-08-19,0.73,-10%~10%
600971,恒源煤电,预增,2017-08-19,0.12,0
600826,兰生股份,预减,2017-08-19,1.99,0
002826,易明医药,预升,2017-08-19,0.0,-24.12%~23.65%
002399,海普瑞,预减,2017-08-19,0.24,-93.42%~-63.79%
002187,广百股份,预升,2017-08-19,0.34,0%~30%
002707,众信旅游,预升,2017-08-19,0.259,-20%~30%
002271,东方雨虹,预升,2017-08-19,0.87,20%~40%
002494,华斯股份,预升,2017-08-19,0.0248,10%~50%
300248,新开普,预升,2017-08-19,0.1025,30%~50%
002678,珠江钢琴,预升,2017-08-19,0.12,0%~30%
002191,劲嘉股份,预升,2017-08-19,0.34,-10%~20%
002322,理工环科,预增,2017-08-19,0.17,125%~175%
002072,凯瑞德,预减,2017-08-19,0.186,-80%~-50%
002782,可立克,预降,2017-08-19,0.1479,-40%~0%
002850,科达利,预升,2017-08-19,0.0,0%~30%
300552,万集科技,预减,2017-08-19,0.7,-90%~-60%
002430,杭氧股份,预盈,2017-08-19,-0.17,0
002205,国统股份,预盈,2017-08-19,-0.1699,0
002852,道道全,预升,2017-08-19,0.0,-30%~20%
002242,九阳股份,预升,2017-08-19,0.71,-20%~20%
002123,梦网集团,预升,2017-08-19,0.2,24.58%~42.37%
002823,凯中精密,预升,2017-08-19,0.0,20%~40%
002830,名雕股份,预升,2017-08-19,0.35,0%~30%
002385,大北农,预增,2017-08-19,0.1451,40%~60%
002335,科华恒盛,预增,2017-08-19,0.4,240%~280%
002418,康盛股份,预升,2017-08-19,0.13,-14.4%~15.23%
002849,威星智能,预升,2017-08-19,0.0,0%~10%
002045,国光电器,预增,2017-08-19,0.08,150%~200%
600793,宜宾纸业,预盈,2017-08-19,-0.4428,0
600020,中原高速,预增,2017-08-19,0.1608,50%
002795,永和智控,预升,2017-08-19,0.56,-15%~15%
600784,鲁银投资,预警,2017-08-19,0.113,0
002292,奥飞娱乐,预降,2017-08-19,0.34,-30%~0%
000715,中兴商业,预增,2017-08-19,0.112,58.27%~68.83%
600699,均胜电子,预增,2017-08-19,0.59,0
002154,报喜鸟,减亏,2017-08-19,-0.09,0
002719,麦趣尔,预降,2017-08-19,0.42,-50%~0%
002476,宝莫股份,预亏,2017-08-19,0.031,0
601616,广电电气,预盈,2017-08-19,-0.0894,0
600470,六国化工,预盈,2017-08-19,-0.119,0
002841,视源股份,预升,2017-08-19,1.64,0%~20%
002222,福晶科技,预增,2017-08-19,0.12,80%~120%
002827,高争民爆,预升,2017-08-19,0.58,-2.13%~26.37%
300035,中科电气,预增,2017-08-19,0.09,80%~110%
002796,世嘉科技,预降,2017-08-19,0.51,-50%~-20%
002164,宁波东力,预增,2017-08-19,0.011,1080%~1280%
002485,希努尔,预减,2017-08-19,0.04,0
002003,伟星股份,预升,2017-08-19,0.56,0%~30%
600619,海立股份,预增,2017-08-19,0.06,0
002489,浙江永强,预升,2017-08-18,0.08,0%~50%
002311,海大集团,预升,2017-08-18,0.57,10%~50%
002613,北玻股份,预亏,2017-08-18,0.0274,0
002677,浙江美大,预增,2017-08-18,0.19,30%~55%
002557,洽洽食品,预降,2017-08-18,0.54,-20%~0%
002109,兴化股份,预盈,2017-08-18,-0.1988,0
002401,中远海科,预升,2017-08-18,0.1603,0%~20%
002142,宁波银行,预升,2017-08-18,1.63,10%~20%
002778,高科石化,预升,2017-08-18,0.2825,-15%~15%
002723,金莱特,预增,2017-08-18,0.0289,140%~190%
603113,金能科技,预升,2017-08-18,0.0,0
000795,英洛华,预增,2017-08-18,0.038,84.63%~107.71%
603318,派思股份,预增,2017-08-18,0.007,0
002406,远东传动,预增,2017-08-18,0.15,30%~60%
002652,扬子新材,预升,2017-08-18,0.19,10%~50%
002682,龙洲股份,预增,2017-08-18,0.11,193.2%~244.34%
002113,天润数娱,预增,2017-08-18,0.0464,19.18%~54.93%
002459,天业通联,预降,2017-08-18,0.0279,-53.87%~-26.2%
002526,山东矿机,预盈,2017-08-18,-0.0664,0
002660,茂硕电源,预增,2017-08-18,0.05,1.55%~50.44%
600361,华联综超,预盈,2017-08-18,-0.22,0
600392,盛和资源,预盈,2017-08-18,-0.0707,0
600310,桂东电力,预警,2017-08-18,0.1251,0
002680,长生生物,预增,2017-08-18,0.2739,50%~70%
002195,二三四五,预增,2017-08-18,0.1936,80%~120%
002150,通润装备,预升,2017-08-18,0.26,-20%~30%
002336,人人乐,预亏,2017-08-18,0.0174,0
002160,常铝股份,预增,2017-08-18,0.103,55.41%~83.67%
002392,北京利尔,预升,2017-08-18,0.117,-20%~10%
300019,硅宝科技,预降,2017-08-18,0.2065,-60%~-30%
300615,欣天科技,预降,2017-08-18,0.74,-40%~-20%
002799,环球印务,预降,2017-08-18,0.2,-25%~0%
000877,天山股份,预增,2017-08-18,0.0049,6138.52
002629,仁智股份,减亏,2017-08-18,-0.1,50.94%~70.56%
300343,联创互联,预增,2017-08-18,0.28,39.75%~67.71%
300491,通合科技,预亏,2017-08-18,0.3392,-118.43%~-100%
002449,国星光电,预增,2017-08-18,0.2751,60%~100%
300397,天和防务,预盈,2017-08-18,-0.2047,151.63%~161.81%
300575,中旗股份,预增,2017-08-18,1.02,50.1%~76.97%
002125,湘潭电化,预增,2017-08-18,0.063,193%~229.63%
600768,宁波富邦,预盈,2017-08-18,-0.143,0
002293,罗莱生活,预升,2017-08-18,0.37,0%~20%
002664,信质电机,预升,2017-08-18,0.4441,0%~30%
300064,豫金刚石,预增,2017-08-18,0.1688,50%~70%
002578,闽发铝业,预增,2017-08-18,0.03,90%~120%
002866,传艺科技,预盈,2017-08-18,0.0,0
002190,成飞集成,预减,2017-08-18,0.26,0
002338,奥普光电,预降,2017-08-18,0.39,-30%~0%
600888,新疆众和,预增,2017-08-18,0.0513,0
300475,聚隆科技,预降,2017-08-18,0.3992,-42.02%~-29.49%
002244,滨江集团,预升,2017-08-18,0.34,0%~30%
600403,*ST大有,预盈,2017-08-18,-0.5379,0
000402,金融街,预增,2017-08-18,0.27,45%~80%
002303,美盈森,预升,2017-08-18,0.1481,0%~30%
002391,长青股份,预升,2017-08-18,0.38,0%~30%
603660,苏州科达,预增,2017-08-18,0.1183,0
002755,东方新星,预增,2017-08-18,0.01,20%~70%
002241,歌尔股份,预升,2017-08-18,0.68,30%~50%
002237,恒邦股份,预增,2017-08-18,0.21,50%~80%
002347,泰尔股份,预升,2017-08-18,0.0297,-30%~20%
002482,广田集团,预升,2017-08-18,0.19,10%~50%
002642,荣之联,预升,2017-08-18,0.0894,-30%~20%
002097,山河智能,预增,2017-08-18,0.0454,200%~250%
002776,柏堡龙,预升,2017-08-18,0.38,10%~20%
002870,香山股份,预升,2017-08-18,0.0,-20%~20%
000925,众合科技,预盈,2017-08-18,-0.0819,206.77%~222.02%
002105,信隆健康,预增,2017-08-18,0.06,80%~130%
002419,天虹股份,预升,2017-08-18,0.45,0%~50%
002820,桂发祥,预升,2017-08-18,0.81,-10%~10%
000713,丰乐种业,预亏,2017-08-18,-0.2611,-5%~43.46%
002791,坚朗五金,预升,2017-08-18,0.92,0%~20%
002843,泰嘉股份,预升,2017-08-18,0.27,10%~25%
002833,弘亚数控,预增,2017-08-18,1.2,41.58%~66.57%
002365,永安药业,预增,2017-08-18,0.2703,110%~160%
002694,顾地科技,预升,2017-08-18,0.04,-25%~25%
002326,永太科技,预增,2017-08-18,0.154,150%~180%
002511,中顺洁柔,预升,2017-08-18,0.3721,20%~50%
002321,华英农业,预降,2017-08-18,0.1723,-78.27%~-45.69%
300692,中环环保,预升,2017-08-18,0.0,30%~50%
002891,中宠股份,预升,2017-08-18,0.0,5%~20%
002859,洁美科技,预增,2017-08-18,0.0,40%~60%
002733,雄韬股份,预升,2017-08-18,0.3,-25%~25%
002466,天齐锂业,预升,2017-08-18,1.2229,17.16%~26.3%
002426,胜利精密,预降,2017-08-18,0.1999,-38.04%~-24.27%
002568,百润股份,预盈,2017-08-18,-0.12,0
600758,红阳能源,预盈,2017-08-18,-0.2289,0
300102,乾照光电,预增,2017-08-18,0.0319,553.75%~580.43%
002428,云南锗业,预盈,2017-08-18,-0.088,0
002440,闰土股份,预增,2017-08-18,0.57,36.2%~58.9%
600280,中央商场,预增,2017-08-18,0.07,0
002287,奇正藏药,预升,2017-08-17,0.4959,0%~30%
002258,利尔化学,预增,2017-08-17,0.26,40%~70%
002643,万润股份,预升,2017-08-17,0.73,20%~50%
600727,鲁北化工,0,2017-08-17,0.05,50%
002813,路畅科技,预升,2017-08-17,0.3212,-35%~5%
600251,冠农股份,0,2017-08-17,0.0155,500%
002738,中矿资源,预升,2017-08-17,0.16,0%~30%
002530,金财互联,预增,2017-08-17,0.038,1316.26%~1443.58%
002206,海利得,预升,2017-08-17,0.5,10%~30%
002278,神开股份,减亏,2017-08-17,-0.18,0
002012,凯恩股份,预盈,2017-08-17,-0.03,0
002786,银宝山新,预升,2017-08-17,0.28,-48.15%~0.74%
002810,山东赫达,预升,2017-08-17,0.5,0%~30%
002757,南兴装备,预增,2017-08-17,0.4138,50%~80%
600890,中房股份,预亏,2017-08-17,-0.034,0
300055,万邦达,预增,2017-08-17,0.2465,48.99%~57.63%
300366,创意信息,预增,2017-08-17,0.1293,133.38%~154.28%
002121,科陆电子,预增,2017-08-17,0.0587,200%~250%
300562,乐心医疗,预亏,2017-08-17,0.0,-111.99%~-103.2%
603557,起步股份,预盈,2017-08-17,0.0,0
603129,春风动力,预增,2017-08-17,0.0,35%~55%
000731,四川美丰,预盈,2017-08-16,-0.1764,0
002759,天际股份,预增,2017-08-16,0.1655,300%~350%
000830,鲁西化工,预增,2017-08-16,0.062,317.87%~373.59%
002320,海峡股份,预增,2017-08-16,0.32,35%~85%
002077,大港股份,预降,2017-08-16,0.04,-100%~-26.16%
002080,中材科技,预增,2017-08-16,0.4543,50%~100%
002653,海思科,预降,2017-08-16,0.29,-50%~-20%
603330,上海天洋,预减,2017-08-16,0.0,0
002536,西泵股份,预增,2017-08-16,0.24,90%~130%
002758,华通医药,预升,2017-08-16,0.21,10%~40%
002046,轴研科技,减亏,2017-08-16,-0.131,0
002345,潮宏基,预升,2017-08-16,0.23,0%~30%
002445,中南文化,预增,2017-08-16,0.18,50%~100%
002805,丰元股份,预升,2017-08-16,0.23,18.59%~46.83%
002166,莱茵生物,预增,2017-08-16,0.1,80%~130%
002069,獐子岛,预增,2017-08-16,0.0448,135.61%~167.02%
603776,永安行,预盈,2017-08-16,0.0,0
002253,川大智胜,预升,2017-08-16,0.0916,0%~15%
002267,陕天然气,预降,2017-08-16,0.372,-45%~-20%
002673,西部证券,预警,2017-08-16,0.33,0
603725,天安新材,预升,2017-08-16,0.0,1.14%~5.23%
603527,众源新材,预升,2017-08-16,0.0,5%~10%
002896,中大力德,预增,2017-08-16,0.0,57.42%~68.41%
002756,永兴特钢,预升,2017-08-15,0.57,0%~30%
002297,博云新材,减亏,2017-08-15,-0.0641,0
002033,丽江旅游,预升,2017-08-15,0.4954,-30%~10%
600217,中再资环,预增,2017-08-15,0.05,0
002221,东华能源,预增,2017-08-15,0.26,100%~150%
601388,怡球资源,预警,2017-08-15,-0.003,0
002196,方正电机,预升,2017-08-15,0.28,15%~35%
600740,山西焦化,预盈,2017-08-15,-0.0403,0
002342,巨力索具,预升,2017-08-15,0.021,0%~20%
002188,巴士在线,预增,2017-08-15,0.09,267.95%~315.78%
002493,荣盛石化,预升,2017-08-15,0.48,13.99%~30.27%
002438,江苏神通,预升,2017-08-15,0.15,-10%~20%
002398,建研集团,预升,2017-08-15,0.37,0%~30%
002198,嘉应制药,预降,2017-08-15,0.0402,-48%~-25%
002648,卫星石化,预增,2017-08-15,0.1242,565.26%~625.74%
002519,银河电子,预降,2017-08-15,0.4,-40%~0%
002512,达华智能,预升,2017-08-15,0.0571,-30%~20%
002395,双象股份,预升,2017-08-15,0.1349,-45%~5%
002610,爱康科技,预增,2017-08-15,0.02,59.41%~127.73%
002524,光正集团,预亏,2017-08-15,-0.08,0
600171,上海贝岭,预增,2017-08-15,0.058,0
002501,利源精制,预升,2017-08-15,0.44,5%~25%
002488,金固股份,预盈,2017-08-15,-0.11,0
002061,江山化工,预增,2017-08-15,0.075,500.79%~620.95%
002884,凌霄泵业,预升,2017-08-15,0.0,-5.93%~12.88%
002802,洪汇新材,预增,2017-08-15,0.44,25%~55%
002186,全聚德,预升,2017-08-15,0.4204,-15%~15%
002450,康得新,预升,2017-08-15,0.4393,30%~40%
603637,镇海股份,预减,2017-08-15,0.63,0
002790,瑞尔特,预升,2017-08-15,0.76,-10%~20%
603500,祥和实业,预升,2017-08-15,0.0,5%~15%
603183,建研院,预升,2017-08-15,0.0,4.34%~9.89%
002572,索菲亚,预升,2017-08-14,0.92,30%~50%
300698,万马科技,预升,2017-08-14,0.0,0.24%~6.71%
002879,长缆科技,预升,2017-08-14,0.0,4.17%~27.32%
002740,爱迪尔,预增,2017-08-14,0.13,50%~100%
600396,金山股份,预亏,2017-08-12,0.1405,0
600308,华泰股份,预增,2017-08-12,0.102,0
002780,三夫户外,预减,2017-08-12,0.14,-130%~-80%
002521,齐峰新材,预升,2017-08-12,0.19,10%~50%
002742,三圣股份,预增,2017-08-12,0.36,90%~120%
002547,春兴精工,预降,2017-08-12,0.13,-60%~-30%
600966,博汇纸业,预增,2017-08-12,0.0801,0
300313,天山生物,预盈,2017-08-12,-0.293,103.46%~108.65%
300569,天能重工,预降,2017-08-12,2.4422,-54.99%~-42.9%
002194,武汉凡谷,预亏,2017-08-12,-0.0134,0
002523,天桥起重,预升,2017-08-12,0.08,10%~40%
000166,申万宏源,预警,2017-08-12,0.19,0
002006,精功科技,预降,2017-08-12,0.12,-46.88%~-33.6%
600680,*ST上普,预亏,2017-08-12,-0.1,0
002138,顺络电子,预升,2017-08-12,0.36,-10%~10%
002477,雏鹰农牧,预升,2017-08-12,0.2254,-9.42%~14.64%
002310,东方园林,预增,2017-08-11,0.21,50%~80%
002274,华昌化工,预增,2017-08-11,0.0259,21.48%~82.23%
600071,凤凰光学,预亏,2017-08-11,-0.2047,0
603933,睿能科技,预增,2017-08-11,0.0,60%~80%
002146,荣盛发展,预升,2017-08-11,0.5,10%~30%
002442,龙星化工,预增,2017-08-11,0.0306,240%~308%
300105,龙源技术,减亏,2017-08-11,-0.11,55.01%~63.32%
002731,萃华珠宝,预增,2017-08-11,0.17,82.41%~129.99%
002226,江南化工,预增,2017-08-11,0.0799,40%~70%
002837,英维克,预升,2017-08-11,0.0,0%~30%
002515,金字火腿,预增,2017-08-11,0.03,568.5%~616.25%
002564,天沃科技,预盈,2017-08-11,-0.0754,0
600230,沧州大化,预增,2017-08-11,0.2812,0
002408,齐翔腾达,预增,2017-08-10,0.14,80%~130%
002681,奋达科技,预升,2017-08-10,0.1944,20%~40%
002225,濮耐股份,预升,2017-08-10,0.07,-20%~10%
300159,新研股份,预增,2017-08-10,0.0719,136.58%~161.48%
002657,中科金财,预升,2017-08-10,0.36,-10%~20%
002230,科大讯飞,预降,2017-08-10,0.22,-50%~0%
002353,杰瑞股份,预降,2017-08-10,0.1095,-60%~-30%
600549,厦门钨业,预增,2017-08-10,0.1415,0
600382,广东明珠,预增,2017-08-10,0.42,45%~75%
002548,金新农,预降,2017-08-10,0.32,-30%~0%
600567,山鹰纸业,预增,2017-08-10,0.053,0
002148,北纬科技,预增,2017-08-10,0.18,134.44%~155.75%
002462,嘉事堂,预升,2017-08-10,0.68,0%~30%
600975,新五丰,预减,2017-08-10,0.31,0
002812,创新股份,预升,2017-08-10,1.07,-25%~5%
002821,凯莱英,预升,2017-08-10,2.1,0%~10%
002675,东诚药业,预升,2017-08-10,0.1472,20%~50%
002838,道恩股份,预升,2017-08-10,0.98,0%~20%
600778,友好集团,预亏,2017-08-10,-0.5367,0
002092,中泰化学,预增,2017-08-10,0.4075,159.56%~187.62%
002220,天宝食品,预降,2017-08-09,0.28,-30%~0%
002117,东港股份,预升,2017-08-09,0.4095,-10%~20%
300688,创业黑马,预升,2017-08-09,0.0,10%~35%
002670,国盛金控,预增,2017-08-09,0.4409,5%~55%
603079,圣达生物,预升,2017-08-09,0.0,4.09%~7.51%
002825,纳尔股份,预降,2017-08-08,0.65,-48.75%~-28.25%
002014,永新股份,预升,2017-08-08,0.44,-10%~10%
002176,江特电机,预升,2017-08-08,0.12,20%~50%
002233,塔牌集团,预增,2017-08-08,0.254,80%~130%
002654,万润科技,预升,2017-08-08,0.1518,5%~50%
000755,*ST三维,减亏,2017-08-08,-0.92,18.67%~34.94%
002732,燕塘乳业,预升,2017-08-08,0.57,5%~50%
002553,南方轴承,预升,2017-08-08,0.1737,5%~25%
002788,鹭燕医药,预升,2017-08-08,0.65,0%~30%
002793,东音股份,预升,2017-08-08,0.845,13.17%~33.14%
002567,唐人神,预增,2017-08-08,0.2735,50%~70%
002245,澳洋顺昌,预增,2017-08-08,0.1588,50%~80%
002318,久立特材,预升,2017-08-08,0.13,-10%~20%
002331,皖通科技,预升,2017-08-08,0.1599,-20%~30%
002587,奥拓电子,预增,2017-08-08,0.1583,36.25%~85.03%
002341,新纶科技,预增,2017-08-08,0.1381,125%~150%
002383,合众思壮,预增,2017-08-08,0.0577,603.14%~647.09%
002400,省广股份,预降,2017-08-08,0.36,-60%~-30%
002645,华宏科技,预增,2017-08-08,0.2338,42.93%~63.35%
002453,天马精化,预降,2017-08-08,0.02,-71.46%~-42.91%
002535,林州重机,预增,2017-08-08,0.02,137.95%~185.54%
300689,澄天伟业,预增,2017-08-08,0.0,41.37%~53.72%
603813,原尚股份,预升,2017-08-08,0.0,24.87%~45.68%
002236,大华股份,预升,2017-08-07,0.37,25%~45%
603127,昭衍新药,预增,2017-08-07,0.0,175.77%~250.98%
002895,川恒股份,预升,2017-08-07,0.0,17.25%~18.9%
002893,华通热力,预升,2017-08-07,0.0,24.67%~49.61%
603535,嘉诚国际,预盈,2017-08-07,0.0,0
300208,恒顺众昇,预增,2017-08-05,0.2736,50%~60%
002706,良信电器,预升,2017-08-05,0.53,10%~50%
002702,海欣食品,预亏,2017-08-05,0.0287,0
002728,特一药业,预升,2017-08-05,0.33,5%~25%
002853,皮阿诺,预增,2017-08-05,0.0,40%~80%
002355,兴民智通,预增,2017-08-05,0.08,20%~60%
002313,日海通讯,预增,2017-08-05,0.04,397.19%~444.55%
002514,宝馨科技,预升,2017-08-05,0.07,0%~50%
600539,狮头股份,预盈,2017-08-05,-0.1668,0
002659,中泰桥梁,预亏,2017-08-05,-0.13,0
002372,伟星新材,预升,2017-08-05,0.58,0%~30%
002296,辉煌科技,预降,2017-08-05,0.151,-50%~-20%
002662,京威股份,预升,2017-08-05,0.35,-20%~20%
002017,东信和平,预升,2017-08-05,0.1198,-30%~20%
603869,北部湾旅,预增,2017-08-05,0.43,80%~110%
002860,星帅尔,预升,2017-08-04,0.0,0%~10%
002496,辉丰股份,预增,2017-08-04,0.093,130%~180%
002771,真视通,预升,2017-08-04,0.53,-10%~20%
002650,加加食品,预升,2017-08-04,0.111,0%~30%
002798,帝王洁具,预升,2017-08-03,0.3452,20%~40%
002162,悦心健康,预增,2017-08-03,0.0025,613%~1088%
002421,达实智能,预升,2017-08-03,0.27,10%~40%
002439,启明星辰,预升,2017-08-03,0.055,-15.13%~6.09%
002686,亿利达,预增,2017-08-02,0.227,40%~80%
002429,兆驰股份,预升,2017-08-02,0.2188,20%~50%
002711,欧浦智网,预增,2017-08-02,0.24,60%~90%
603860,中公高科,预升,2017-08-01,0.0,-24.8%~0.27%
300685,艾德生物,预升,2017-08-01,0.0,15.05
000711,京蓝科技,预盈,2017-07-29,-0.2,602.74%~854.11%
300532,今天国际,预升,2017-08-01,0.57,21.2%~48.14%
000055,方大集团,预增,2017-08-01,0.15,197.57%~250.08%
002168,深圳惠程,预亏,2017-08-01,0.0064,0
002360,同德化工,预升,2017-08-01,0.13,-20%~30%
002427,尤夫股份,预增,2017-08-01,0.29,50%~100%
600110,诺德股份,预增,2017-08-01,0.0236,0
002455,百川股份,预增,2017-08-01,0.13,30%~80%
600532,宏达矿业,减亏,2017-08-01,-0.14,0
002801,微光股份,预升,2017-07-31,1.44,10%~25%
002562,兄弟科技,预增,2017-07-31,0.3,150%~180%
002139,拓邦股份,预增,2017-07-31,0.26,50%~80%
002471,中超控股,预升,2017-07-31,0.0696,-40%~10%
002349,精华制药,预升,2017-07-31,0.2679,0%~30%
601933,永辉超市,预增,2017-07-31,0.1,0
002134,*ST普林,减亏,2017-07-31,-0.18,0
002768,国恩股份,预增,2017-07-31,0.33,50%~100%
002892,科力尔,预升,2017-07-31,0.0,2.44%~7.83%
002184,海得控制,预升,2017-07-29,0.0447,-30%~20%
002262,恩华药业,预升,2017-07-29,0.403,15%~30%
600615,丰华股份,预增,2017-07-29,0.044,0
002165,红宝丽,预降,2017-07-29,0.13,-30%~0%
600880,博瑞传播,预亏,2017-07-29,0.06,0
002577,雷柏科技,预升,2017-07-29,0.063,-15%~20%
002772,众兴菌业,预升,2017-07-29,0.377,0%~20%
002507,涪陵榨菜,预增,2017-07-28,0.38,40%~60%
002767,先锋电子,预升,2017-07-28,0.2174,-30%~10%
002087,新野纺织,预升,2017-07-28,0.1644,30%~50%
002632,道明光学,预增,2017-07-28,0.065,130%~180%
002847,盐津铺子,预降,2017-07-28,0.67,-16.18%~-3.28%
002182,云海金属,预升,2017-07-28,0.363,2.41%~36.54%
002735,王子新材,预增,2017-07-28,0.28,30%~70%
002402,和而泰,预增,2017-07-28,0.29,40%~70%
002210,飞马国际,预升,2017-07-28,0.15,0%~30%
002301,齐心集团,预增,2017-07-28,0.18,42.33%~64.8%
002380,科远股份,预增,2017-07-28,0.2331,30%~60%
601015,陕西黑猫,预升,2017-07-28,0.08,0
002549,凯美特气,预增,2017-07-28,0.017,130%~180%
002533,金杯电工,预升,2017-07-27,0.235,-25%~25%
002240,威华股份,预盈,2017-07-27,-0.12,0
300184,力源信息,预增,2017-07-27,0.0944,572.14%~599.73%
300238,冠昊生物,预增,2017-07-27,0.12,60%~90%
002508,老板电器,预升,2017-07-27,0.96,20%~40%
002726,龙大肉食,预降,2017-07-27,0.47,-20%~-10%
002255,海陆重工,预增,2017-07-26,0.083,50%~80%
603179,新泉股份,预增,2017-07-26,0.0,124%~138%
600338,西藏珠峰,预增,2017-07-26,0.69,80%~110%
002644,佛慈制药,预升,2017-07-26,0.0915,10%~30%
600321,国栋建设,预盈,2017-07-26,-0.06,0
002224,三力士,预升,2017-07-26,0.24,-10%~20%
002288,超华科技,预增,2017-07-26,0.005,683.49%~907.34%
002697,红旗连锁,预升,2017-07-26,0.1,-15%~3%
002469,三维工程,预升,2017-07-26,0.06,0%~30%
300418,昆仑万维,预升,2017-07-25,0.45,15.65%~44.05%
002299,圣农发展,预减,2017-07-25,0.4529,-88.67%~-66.8%
002387,黑牛食品,预亏,2017-07-25,0.1019,0
002386,天原集团,预盈,2017-07-25,-0.0725,223.29%~264.38%
603602,纵横通信,预升,2017-07-25,0.0,10%~40%
300691,联合光电,预增,2017-07-25,0.0,30%~60%
603721,中广天择,预增,2017-07-24,0.0,140%~180%
002760,凤形股份,预亏,2017-07-22,0.13,0
002415,海康威视,预升,2017-07-22,0.81,15%~35%
002741,光华科技,预增,2017-07-20,0.13,40%~70%
002714,牧原股份,预升,2017-07-20,1.7,2.16%~13.51%
002890,弘宇股份,预升,2017-07-20,0.0,0.84%~3.78%
603333,明星电缆,预盈,2017-07-18,-0.0587,0
603880,南卫股份,预升,2017-07-18,0.0,5%~15%
600293,三峡新材,预增,2017-07-14,0.0611,0
603595,东尼电子,预增,2017-07-11,0.0,65.87%~110.44%
603063,禾望电气,预升,2017-07-10,0.0,9.57
603305,旭升股份,预升,2017-07-07,0.0,15
